playerId,playername,DKNAME,OwnName,DKPOS,TEAM,FCName
100029,49ers,49ers ,49ers,DST,SF,49ers
2552580,A.J. Derby,A.J. Derby,A.J. Derby,TE,NE,
2495450,A.J. Green,A.J. Green,A.J. Green,WR,CIN,A.J. Green
2532876,A.J. Jenkins,A.J. Jenkins,A.J. Jenkins,,FA,
2555362,Aaron Burbridge,Aaron Burbridge,Aaron Burbridge,WR,SF,
2539256,Aaron Dobson,Aaron Dobson,Aaron Dobson,,FA,
2556541,Aaron Green,Aaron Green,Aaron Green,,FA,
2543587,Aaron Murray,Aaron Murray,Aaron Murray,,FA,
2552477,Aaron Ripkowski,Aaron Ripkowski,Aaron Ripkowski,RB,GB,
2506363,Aaron Rodgers,Aaron Rodgers,Aaron Rodgers,QB,GB,Aaron Rodgers
2553895,Adam Humphries,Adam Humphries,Adam Humphries,WR,TB,Adam Humphries
2541785,Adam Thielen,Adam Thielen,Adam Thielen,WR,MIN,Adam Thielen
2507164,Adrian Peterson,Adrian Peterson,Adrian Peterson,RB,MIN,Adrian Peterson
2534752,Adrien Robinson,Adrien Robinson,Adrien Robinson,,FA,
2495560,Ahmad Bradshaw,Ahmad Bradshaw,Ahmad Bradshaw,,FA,
2543497,AJ McCarron,AJ McCarron,AJ McCarron,QB,CIN,
2553660,Akeem Hunt,Akeem Hunt,Akeem Hunt,,FA,
2550272,Albert Wilson,Albert Wilson,Albert Wilson,WR,KC,Albert Wilson
2495331,Aldrick Robinson,Aldrick Robinson,Aldrick Robinson,WR,ATL,Aldrick Robinson
2555430,Alex Collins,Alex Collins,Alex Collins,RB,SEA,
2556519,Alex Erickson,Alex Erickson,Alex Erickson,WR,CIN,
2506340,Alex Smith,Alex Smith,Alex Smith,QB,KC,Alex Smith
2543600,Alfred Blue,Alfred Blue,Alfred Blue,RB,HOU,Alfred Blue
2533457,Alfred Morris,Alfred Morris,Alfred Morris,RB,DAL,Alfred Morris
2550353,Allen Hurns,Allen Hurns,Allen Hurns,WR,JAC,Allen Hurns
2543509,Allen Robinson,Allen Robinson,Allen Robinson,WR,JAC,Allen Robinson
2553533,Alonzo Harris,Alonzo Harris,Alonzo Harris,,FA,
2533039,Alshon Jeffery,Alshon Jeffery,Alshon Jeffery,WR,CHI,Alshon Jeffery
2552487,Amari Cooper,Amari Cooper,Amari Cooper,WR,OAK,Amari Cooper
2552374,Ameer Abdullah,Ameer Abdullah,Ameer Abdullah,RB,DET,Ameer Abdullah
206,Andre Caldwell,Andre Caldwell,Andre Caldwell,,DET,
2553453,Andre Debose,Andre Debose,Andre Debose,,FA,
2539217,Andre Ellington,Andre Ellington,Andre Ellington,RB,ARI,Andre Ellington
2495453,Andre Holmes,Andre Holmes,Andre Holmes,WR,OAK,Andre Holmes
2505551,Andre Johnson,Andre Johnson,Andre Johnson,WR,TEN,Andre Johnson
497320,Andre Roberts,Andre Roberts,Andre Roberts,WR,DET,
2543565,Andre Williams,Andre Williams,Andre Williams,RB,SD,
2508097,Andrew Hawkins,Andrew Hawkins,Andrew Hawkins,WR,CLE,Andrew Hawkins
2533031,Andrew Luck,Andrew Luck,Andrew Luck,QB,IND,Andrew Luck
497258,Andrew Quarless,Andrew Quarless,Andrew Quarless,TE,DET,
2553829,Andrew Turzilli,Andrew Turzilli,Andrew Turzilli,,FA,
2495143,Andy Dalton,Andy Dalton,Andy Dalton,QB,CIN,Andy Dalton
2555432,Andy Janovich,Andy Janovich,Andy Janovich,RB,DEN,Andy Janovich
2556569,Andy Jones,Andy Jones,Andy Jones,,FA,
2505587,Anquan Boldin,Anquan Boldin,Anquan Boldin,WR,DET,Anquan Boldin
2555573,Anthony Dable,Anthony Dable,Anthony Dable,,FA,
497172,Anthony Dixon,Anthony Dixon,Anthony Dixon,,FA,
2495835,Anthony Fasano,Anthony Fasano,Anthony Fasano,TE,TEN,
497250,Anthony McCoy,Anthony McCoy,Anthony McCoy,,SEA,
2495340,Anthony Sherman,Anthony Sherman,Anthony Sherman,RB,KC,
89798,Antone Smith,Antone Smith,Antone Smith,,NYJ,
2550474,Antonio Andrews,Antonio Andrews,Antonio Andrews,RB,TEN,
2508061,Antonio Brown,Antonio Brown,Antonio Brown,WR,PIT,Antonio Brown
2505299,Antonio Gates,Antonio Gates,Antonio Gates,TE,SD,Antonio Gates
2553526,Antwan Goodley,Antwan Goodley,Antwan Goodley,,DAL,
79555,Arian Foster,Arian Foster,Arian Foster,RB,MIA,Arian Foster
497270,Arrelious Benn,Arrelious Benn,Arrelious Benn,WR,JAC,
2543714,Arthur Lynch,Arthur Lynch,Arthur Lynch,,FA,
2550454,Asante Cleveland,Asante Cleveland,Asante Cleveland,,FA,
2533349,Austin Davis,Austin Davis,Austin Davis,QB,DEN,
2553892,Austin Hill,Austin Hill,Austin Hill,,FA,
2555415,Austin Hooper,Austin Hooper,Austin Hooper,TE,ATL,Austin Hooper
2534437,Austin Johnson,Austin Johnson,Austin Johnson,,NO,
2543683,Austin Seferian-Jenkins,Austin Seferian-Jenkins,Austin Seferian-Jenkins,TE,TB,Austin Seferian-Jenkins
2553858,Austin Willis,Austin Willis,Austin Willis,,FA,
2541429,B.J. Daniels,B.J. Daniels,B.J. Daniels,,FA,
79625,Bear Pascoe,Bear Pascoe,Bear Pascoe,,NE,
100005,Bears,Bears ,Bears,DST,CHI,Bears
2553524,Beau Gardner,Beau Gardner,Beau Gardner,,ATL,
2555487,Beau Sandland,Beau Sandland,Beau Sandland,,FA,
2556478,Ben Braunecker,Ben Braunecker,Ben Braunecker,,FA,
2552396,Ben Koyack,Ben Koyack,Ben Koyack,TE,JAC,
2506109,Ben Roethlisberger,Ben Roethlisberger,Ben Roethlisberger,QB,PIT,Ben Roethlisberger
100006,Bengals,Bengals ,Bengals,DST,CIN,Bengals
2506122,Benjamin Watson,Benjamin Watson,Benjamin Watson,,BAL,
2550198,Bennie Fowler,Bennie Fowler,Bennie Fowler,WR,DEN,Bennie Fowler
2541544,Benny Cunningham,Benny Cunningham,Benny Cunningham,RB,LA,Benny Cunningham
2533545,Bernard Pierce,Bernard Pierce,Bernard Pierce,,FA,
2495328,Bilal Powell,Bilal Powell,Bilal Powell,RB,NYJ,Bilal Powell
100003,Bills,Bills ,Bills,DST,BUF,Bills
2543682,Bishop Sankey,Bishop Sankey,Bishop Sankey,,FA,
2495441,Blaine Gabbert,Blaine Gabbert,Blaine Gabbert,QB,SF,Blaine Gabbert
2550278,Blake Annen,Blake Annen,Blake Annen,,FA,
2552478,Blake Bell,Blake Bell,Blake Bell,TE,SF,
2543477,Blake Bortles,Blake Bortles,Blake Bortles,QB,JAC,Blake Bortles
2534571,Bobby Rainey,Bobby Rainey,Bobby Rainey,RB,NYG,
2539312,Brad Sorensen,Brad Sorensen,Brad Sorensen,,MIN,
2553725,Bradley Marquez,Bradley Marquez,Bradley Marquez,WR,LA,
2550658,Branden Oliver,Branden Oliver,Branden Oliver,,SD,
2543498,Brandin Cooks,Brandin Cooks,Brandin Cooks,WR,NO,Brandin Cooks
2532797,Brandon Bolden,Brandon Bolden,Brandon Bolden,RB,NE,Brandon Bolden
2536342,Brandon Bostick,Brandon Bostick,Brandon Bostick,TE,NYJ,
2550328,Brandon Coleman,Brandon Coleman,Brandon Coleman,WR,NO,Brandon Coleman
81288,Brandon Gibson,Brandon Gibson,Brandon Gibson,,NE,
497302,Brandon LaFell,Brandon LaFell,Brandon LaFell,WR,CIN,Brandon LaFell
2495893,Brandon Marshall,Brandon Marshall,Brandon Marshall,WR,NYJ,Brandon Marshall
89766,Brandon Myers,Brandon Myers,Brandon Myers,TE,TB,Brandon Myers
71431,Brandon Pettigrew,Brandon Pettigrew,Brandon Pettigrew,,DET,
81306,Brandon Tate,Brandon Tate,Brandon Tate,WR,BUF,
2532970,Brandon Weeden,Brandon Weeden,Brandon Weeden,QB,HOU,
2553618,Brandon Wegher,Brandon Wegher,Brandon Wegher,,FA,
2556454,Brandon Wilds,Brandon Wilds,Brandon Wilds,,FA,
2539645,Brandon Williams,Brandon Williams,Brandon Williams,TE,SEA,
2555348,Braxton Miller,Braxton Miller,Braxton Miller,WR,HOU,Braxton Miller
2507218,Brent Celek,Brent Celek,Brent Celek,TE,PHI,Brent Celek
2535966,Brenton Bersin,Brenton Bersin,Brenton Bersin,WR,CAR,
2552597,Breshad Perriman,Breshad Perriman,Breshad Perriman,WR,BAL,Breshad Perriman
2552588,Brett Hundley,Brett Hundley,Brett Hundley,QB,GB,
81831,Brian Hartline,Brian Hartline,Brian Hartline,,FA,
81294,Brian Hoyer,Brian Hoyer,Brian Hoyer,QB,CHI,Brian Hoyer
2495660,Brian Leonard,Brian Leonard,Brian Leonard,,FA,
2541512,Brian Leonhardt,Brian Leonhardt,Brian Leonhardt,,OAK,
2553840,Brian Parker,Brian Parker,Brian Parker,,FA,
2532933,Brian Quick,Brian Quick,Brian Quick,WR,LA,Brian Quick
2535522,Brian Tyms,Brian Tyms,Brian Tyms,,FA,
2541388,Brice Butler,Brice Butler,Brice Butler,WR,DAL,Brice Butler
2535988,Brittan Golden,Brittan Golden,Brittan Golden,,FA,
2533436,Brock Osweiler,Brock Osweiler,Brock Osweiler,QB,HOU,Brock Osweiler
100009,Broncos,Broncos ,Broncos,DST,DEN,Broncos
100007,Browns,Browns ,Browns,DST,CLE,Browns
2543646,Bruce Ellington,Bruce Ellington,Bruce Ellington,,SF,
2495838,Bruce Gradkowski,Bruce Gradkowski,Bruce Gradkowski,,PIT,
2495314,Bruce Miller,Bruce Miller,Bruce Miller,,FA,
2528181,Bryan Walters,Bryan Walters,Bryan Walters,WR,JAC,
2534796,Bryce Brown,Bryce Brown,Bryce Brown,,FA,
2552369,Bryce Petty,Bryce Petty,Bryce Petty,QB,NYJ,
2550247,Bryn Renner,Bryn Renner,Bryn Renner,,FA,
100031,Buccaneers,Buccaneers ,Buccaneers,DST,TB,Buccaneers
2540269,C.J. Anderson,C.J. Anderson,C.J. Anderson,RB,DEN,C.J. Anderson
2543721,C.J. Fiedorowicz,C.J. Fiedorowicz,C.J. Fiedorowicz,TE,HOU,C.J. Fiedorowicz
2555417,C.J. Prosise,C.J. Prosise,C.J. Prosise,RB,SEA,C.J. Prosise
497204,C.J. Spiller,C.J. Spiller,C.J. Spiller,,NO,
2552559,C.J. Uzomah,C.J. Uzomah,C.J. Uzomah,TE,CIN,C.J. Uzomah
2495455,Cam Newton,Cam Newton,Cam Newton,QB,CAR,Cam Newton
2552375,Cameron Artis-Payne,Cameron Artis-Payne,Cameron Artis-Payne,RB,CAR,Cameron Artis-Payne
2550656,Cameron Brate,Cameron Brate,Cameron Brate,TE,TB,Cameron Brate
2539199,Cameron Marshall,Cameron Marshall,Cameron Marshall,,FA,
2553568,Cameron Meredith,Cameron Meredith,Cameron Meredith,WR,CHI,
2555426,Cardale Jones,Cardale Jones,Cardale Jones,QB,BUF,
100026,Cardinals,Cardinals ,Cardinals,DST,ARI,Cardinals
2543743,Carlos Hyde,Carlos Hyde,Carlos Hyde,RB,SF,Carlos Hyde
2505245,Carson Palmer,Carson Palmer,Carson Palmer,QB,ARI,Carson Palmer
2555259,Carson Wentz,Carson Wentz,Carson Wentz,QB,PHI,Carson Wentz
2532888,Case Keenum,Case Keenum,Case Keenum,QB,LA,Case Keenum
2495341,Cecil Shorts,Cecil Shorts III,Cecil Shorts III,WR,TB,
79629,Cedric Peerman,Cedric Peerman,Cedric Peerman,,CIN,
252,Chad Henne,Chad Henne,Chad Henne,QB,JAC,
2553787,Chandler Worthy,Chandler Worthy,Chandler Worthy,,FA,
2550268,Charcandrick West,Charcandrick West,Charcandrick West,RB,KC,Charcandrick West
100028,Chargers,Chargers ,Chargers,DST,SD,Chargers
2495139,Charles Clay,Charles Clay,Charles Clay,TE,BUF,Charles Clay
2541147,Charles Johnson,Charles Johnson,Charles Johnson,WR,MIN,Charles Johnson
2543770,Charles Sims,Charles Sims,Charles Sims,RB,TB,Charles Sims
2495974,Charlie Whitehurst,Charlie Whitehurst,Charlie Whitehurst,,IND,
2555477,Charone Peake,Charone Peake,Charone Peake,WR,NYJ,
71255,Chase Coffman,Chase Coffman,Chase Coffman,,IND,
81284,Chase Daniel,Chase Daniel,Chase Daniel,QB,PHI,
2534244,Chase Ford,Chase Ford,Chase Ford,,FA,
2531218,Chase Reynolds,Chase Reynolds,Chase Reynolds,RB,LA,
100016,Chiefs,Chiefs ,Chiefs,DST,KC,Chiefs
2552652,Chris Conley,Chris Conley,Chris Conley,WR,KC,Chris Conley
2535634,Chris Givens,Chris Givens,Chris Givens,,FA,
2539202,Chris Gragg,Chris Gragg,Chris Gragg,,BUF,
2539246,Chris Harper,Chris Harper,Chris Harper,,FA,
2553652,Chris Harper,Chris Harper,Chris Harper,,FA,
2530515,Chris Hogan,Chris Hogan,Chris Hogan,WR,NE,Chris Hogan
2507999,Chris Ivory,Chris Ivory,Chris Ivory,RB,JAC,Chris Ivory
262,Chris Johnson,Chris Johnson,Chris Johnson,RB,ARI,Chris Johnson
2531049,Chris Matthews,Chris Matthews,Chris Matthews,,BAL,
2555209,Chris Moore,Chris Moore,Chris Moore,WR,BAL,
80674,Chris Ogbonnaya,Chris Ogbonnaya,Chris Ogbonnaya,,FA,
2532923,Chris Owusu,Chris Owusu,Chris Owusu,,NYJ,
2539208,Chris Pantale,Chris Pantale,Chris Pantale,,FA,
2533037,Chris Polk,Chris Polk,Chris Polk,,HOU,
2540011,Chris Thompson,Chris Thompson,Chris Thompson,RB,WAS,Chris Thompson
2555416,Christian Hackenberg,Christian Hackenberg,Christian Hackenberg,QB,NYJ,
2495215,Christian Ponder,Christian Ponder,Christian Ponder,QB,SF,
2539322,Christine Michael,Christine Michael,Christine Michael,RB,SEA,Christine Michael
2495620,Clark Harris,Clark Harris,Clark Harris,TE,CIN,
497242,Clay Harbor,Clay Harbor,Clay Harbor,TE,NE,
2552397,Clive Walford,Clive Walford,Clive Walford,TE,OAK,Clive Walford
2539203,Cobi Hamilton,Cobi Hamilton,Cobi Hamilton,,FA,
2532838,Coby Fleener,Coby Fleener,Coby Fleener,TE,NO,Coby Fleener
2555331,Cody Core,Cody Core,Cody Core,WR,CIN,
2555387,Cody Kessler,Cody Kessler,Cody Kessler,QB,CLE,
2543590,Cody Latimer,Cody Latimer,Cody Latimer,WR,DEN,Cody Latimer
2535698,Cole Beasley,Cole Beasley,Cole Beasley,WR,DAL,Cole Beasley
2556708,Cole Wick,Cole Wick,Cole Wick,TE,DET,
2495186,Colin Kaepernick,Colin Kaepernick,Colin Kaepernick,QB,SF,
497123,Colt McCoy,Colt McCoy,Colt McCoy,QB,WAS,
100014,Colts,Colts ,Colts,DST,IND,Colts
2555332,Connor Cook,Connor Cook,Connor Cook,QB,OAK,
2550252,Connor Shaw,Connor Shaw,Connor Shaw,,CLE,
2536071,Cooper Helfet,Cooper Helfet,Cooper Helfet,,FA,
2540145,Cordarrelle Patterson,Cordarrelle Patterson,Cordarrelle Patterson,WR,MIN,Cordarrelle Patterson
2555333,Corey Coleman,Corey Coleman,Corey Coleman,WR,CLE,Corey Coleman
2540261,Corey Fuller,Corey Fuller,Corey Fuller,,DET,
2553650,Corey Grant,Corey Grant,Corey Grant,RB,JAC,Corey Grant
2550413,Corey Washington,Corey Washington,Corey Washington,,FA,
2533353,Cory Harkey,Cory Harkey,Cory Harkey,TE,LA,
100008,Cowboys,Cowboys ,Cowboys,DST,DAL,Cowboys
1992,Craig Stevens,Craig Stevens,Craig Stevens,,FA,
2543794,Crockett Gillmore,Crockett Gillmore,Crockett Gillmore,TE,BAL,Crockett Gillmore
2532851,Cyrus Gray,Cyrus Gray,Cyrus Gray,,ATL,
2556528,D.J. Foster,D.J. Foster,D.J. Foster,RB,NE,
2555260,Dak Prescott,Dak Prescott,Dak Prescott,QB,DAL,Dak Prescott
2536031,Damaris Johnson,Damaris Johnson,Damaris Johnson,,FA,
2550512,Damien Williams,Damien Williams,Damien Williams,RB,MIA,Damien Williams
2532864,Dan Herron,Dan Herron,Dan Herron,,FA,
2506481,Dan Orlovsky,Dan Orlovsky,Dan Orlovsky,QB,DET,
2556144,Daniel Braverman,Daniel Braverman,Daniel Braverman,,FA,
2553900,Daniel Brown,Daniel Brown,Daniel Brown,,FA,
2506619,Daniel Fells,Daniel Fells,Daniel Fells,,NYG,
2555219,Daniel Lasco,Daniel Lasco,Daniel Lasco,RB,NO,
2495241,Daniel Thomas,Daniel Thomas,Daniel Thomas,,FA,
2649,Danny Amendola,Danny Amendola,Danny Amendola,WR,NE,Danny Amendola
4327,Danny Woodhead,Danny Woodhead,Danny Woodhead,RB,SD,Danny Woodhead
2556273,Darius Jackson,Darius Jackson,Darius Jackson,RB,DAL,
2553896,Darius Jennings,Darius Jennings,Darius Jennings,,FA,
2552479,DaRon Brown,DaRon Brown,DaRon Brown,,KC,
2507737,Darrel Young,Darrel Young,Darrel Young,,FA,
2540928,Darren Fells,Darren Fells,Darren Fells,TE,ARI,Darren Fells
284,Darren McFadden,Darren McFadden,Darren McFadden,,DAL,
2506467,Darren Sproles,Darren Sproles,Darren Sproles,RB,PHI,Darren Sproles
2552408,Darren Waller,Darren Waller,Darren Waller,,BAL,
2550596,Darrin Reaves,Darrin Reaves,Darrin Reaves,,FA,
80427,Darrius Heyward-Bey,Darrius Heyward-Bey,Darrius Heyward-Bey,WR,PIT,Darrius Heyward-Bey
2534789,Daryl Richardson,Daryl Richardson,Daryl Richardson,RB,PIT,
2543495,Davante Adams,Davante Adams,Davante Adams,WR,GB,Davante Adams
2499277,David Ausberry,David Ausberry,David Ausberry,,FA,
2552376,David Cobb,David Cobb,David Cobb,,FA,
2543751,David Fales,David Fales,David Fales,,FA,
79589,David Johnson,David Johnson,David Johnson,RB,PIT,David Johnson
2553435,David Johnson,David Johnson,David Johnson,RB,PIT,David Johnson
2555306,David Morgan,David Morgan,David Morgan,TE,MIN,
2507884,David Nelson,David Nelson,David Nelson,,PIT,
2553502,DeAndre Carter,DeAndre Carter,DeAndre Carter,,FA,
2540165,DeAndre Hopkins,DeAndre Hopkins,DeAndre Hopkins,WR,HOU,DeAndre Hopkins
2552627,DeAndre Smelter,DeAndre Smelter,DeAndre Smelter,,FA,
2555464,DeAndre Washington,DeAndre Washington,DeAndre Washington,RB,OAK,DeAndre Washington
2552657,DeAndrew White,DeAndrew White,DeAndrew White,,FA,
2495979,DeAngelo Williams,DeAngelo Williams,DeAngelo Williams,RB,PIT,DeAngelo Williams
2543638,DeAnthony Thomas,De'Anthony Thomas,De'Anthony Thomas,,KC,
1037847,Deji Karim,Deji Karim,Deji Karim,,FA,
2495966,Delanie Walker,Delanie Walker,Delanie Walker,TE,TEN,Delanie Walker
2495207,DeMarco Murray,DeMarco Murray,DeMarco Murray,RB,TEN,DeMarco Murray
2555478,Demarcus Robinson,Demarcus Robinson,Demarcus Robinson,WR,KC,
497328,Demaryius Thomas,Demaryius Thomas,Demaryius Thomas,WR,DEN,Demaryius Thomas
2541187,Demetrius Harris,Demetrius Harris,Demetrius Harris,TE,KC,Demetrius Harris
2539260,Denard Robinson,Denard Robinson,Denard Robinson,RB,JAC,Denard Robinson
497254,Dennis Pitta,Dennis Pitta,Dennis Pitta,TE,BAL,Dennis Pitta
2553811,Deon Long,Deon Long,Deon Long,,TEN,
2534436,Deonte Thompson,Deonte Thompson,Deonte Thompson,WR,CHI,
2506546,Derek Anderson,Derek Anderson,Derek Anderson,QB,CAR,
2543499,Derek Carr,Derek Carr,Derek Carr,QB,OAK,Derek Carr
2534241,Derek Carrier,Derek Carrier,Derek Carrier,,WAS,
2495843,Derek Hagan,Derek Hagan,Derek Hagan,,FA,
2534871,Derrick Coleman,Derrick Coleman,Derrick Coleman,,SEA,
2556075,Derrick Henry,Derrick Henry,Derrick Henry,RB,TEN,Derrick Henry
1581,DeSean Jackson,DeSean Jackson,DeSean Jackson,WR,WAS,DeSean Jackson
2553703,Devante Davis,Devante Davis,Devante Davis,,FA,
2552409,DeVante Parker,DeVante Parker,DeVante Parker,WR,MIA,DeVante Parker
2532930,DeVier Posey,DeVier Posey,DeVier Posey,,FA,
2552458,Devin Funchess,Devin Funchess,Devin Funchess,WR,CAR,Devin Funchess
2506897,Devin Hester,Devin Hester,Devin Hester,WR,BAL,
2553434,Devin Smith,Devin Smith,Devin Smith,,NYJ,
2543641,Devin Street,Devin Street,Devin Street,,FA,
2556490,Devon Cajuste,Devon Cajuste,Devon Cajuste,,FA,
2556854,Devon Johnson,Devon Johnson,Devon Johnson,,CAR,
2543583,Devonta Freeman,Devonta Freeman,Devonta Freeman,RB,ATL,Devonta Freeman
2555223,Devontae Booker,Devontae Booker,Devontae Booker,RB,DEN,Devontae Booker
497190,Dexter McCluster,Dexter McCluster,Dexter McCluster,,FA,
497278,Dez Bryant,Dez Bryant,Dez Bryant,WR,DAL,Dez Bryant
2552411,Dezmin Lewis,Dezmin Lewis,Dezmin Lewis,,FA,
2495469,Dion Lewis,Dion Lewis,Dion Lewis,,NE,
2540200,Dion Sims,Dion Sims,Dion Sims,TE,MIA,Dion Sims
100019,Dolphins,Dolphins ,Dolphins,DST,MIA,Dolphins
2507779,Donald Brown,Donald Brown,Donald Brown,,FA,
184,Donnie Avery,Donnie Avery,Donnie Avery,,FA,
2543614,Donte Moncrief,Donte Moncrief,Donte Moncrief,WR,IND,Donte Moncrief
2553876,Donteea Dye,Donteea Dye,Donteea Dye,,TB,
2530700,Dontrelle Inman,Dontrelle Inman,Dontrelle Inman,WR,SD,Dontrelle Inman
2552491,Dorial Green-Beckham,Dorial Green-Beckham,Dorial Green-Beckham,WR,PHI,Dorial Green-Beckham
2530747,Doug Baldwin,Doug Baldwin,Doug Baldwin,WR,SEA,Doug Baldwin
2532899,Doug Martin,Doug Martin,Doug Martin,RB,TB,Doug Martin
2553848,Dreamius Smith,Dreamius Smith,Dreamius Smith,,SD,
2552413,Dres Anderson,Dres Anderson,Dres Anderson,,SF,
2504775,Drew Brees,Drew Brees,Drew Brees,QB,NO,Drew Brees
2530575,Drew Davis,Drew Davis,Drew Davis,,FA,
2495748,Drew Stanton,Drew Stanton,Drew Stanton,QB,ARI,
2543596,Dri Archer,Dri Archer,Dri Archer,,BUF,
2530690,DuJuan Harris,DuJuan Harris,DuJuan Harris,RB,SF,
2552461,Duke Johnson,Duke Johnson Jr.,Duke Johnson Jr.,,CLE,Duke Johnson
2556836,Duke Williams,Duke Williams,Duke Williams,,FA,
2552616,Duron Carter,Duron Carter,Duron Carter,,FA,
2550410,Dustin Vaughan,Dustin Vaughan,Dustin Vaughan,,DAL,
2533046,Dwayne Allen,Dwayne Allen,Dwayne Allen,TE,IND,Dwayne Allen
2495558,Dwayne Bowe,Dwayne Bowe,Dwayne Bowe,,FA,
2495159,Dwayne Harris,Dwayne Harris,Dwayne Harris,WR,NYG,Dwayne Harris
2556118,Dwayne Washington,Dwayne Washington,Dwayne Washington,RB,DET,Dwayne Washington
2553791,E.J. Bibbs,E.J. Bibbs,E.J. Bibbs,,FA,
100025,Eagles,Eagles ,Eagles,DST,PHI,Eagles
497224,Ed Dickson,Ed Dickson,Ed Dickson,TE,CAR,Ed Dickson
2540168,Eddie Lacy,Eddie Lacy,Eddie Lacy,RB,GB,Eddie Lacy
1990,Eddie Royal,Eddie Royal,Eddie Royal,WR,CHI,Eddie Royal
2533540,Edwin Baker,Edwin Baker,Edwin Baker,,FA,
2539228,EJ Manuel,EJ Manuel,EJ Manuel,QB,BUF,
2505996,Eli Manning,Eli Manning,Eli Manning,QB,NYG,Eli Manning
2553737,Eli Rogers,Eli Rogers,Eli Rogers,WR,PIT,Eli Rogers
497322,Emmanuel Sanders,Emmanuel Sanders,Emmanuel Sanders,WR,DEN,Emmanuel Sanders
497284,Eric Decker,Eric Decker,Eric Decker,WR,NYJ,Eric Decker
2543466,Eric Ebron,Eric Ebron,Eric Ebron,TE,DET,Eric Ebron
2541883,Eric Rogers,Eric Rogers,Eric Rogers,,SF,
2507029,Eric Weems,Eric Weems,Eric Weems,WR,ATL,
496812,Erik Lorig,Erik Lorig,Erik Lorig,,FA,
2550405,Erik Swoope,Erik Swoope,Erik Swoope,TE,IND,
2553289,Evan Spencer,Evan Spencer,Evan Spencer,,TB,
2555224,Ezekiel Elliott,Ezekiel Elliott,Ezekiel Elliott,RB,DAL,Ezekiel Elliott
100001,Falcons,Falcons ,Falcons,DST,ATL,Falcons
2550738,Fitzgerald Toussaint,Fitzgerald Toussaint,Fitzgerald Toussaint,RB,PIT,Fitzgerald Toussaint
2540037,Fozzy Whittaker,Fozzy Whittaker,Fozzy Whittaker,RB,CAR,Fozzy Whittaker
2506404,Frank Gore,Frank Gore,Frank Gore,RB,IND,Frank Gore
2541828,Frankie Hammond,Frankie Hammond,Frankie Hammond,,FA,
216,Fred Davis,Fred Davis,Fred Davis,,FA,
2506871,Fred Jackson,Fred Jackson,Fred Jackson,,SEA,
2550223,Freddie Martino,Freddie Martino,Freddie Martino,,ATL,
2553658,Gabe Holmes,Gabe Holmes,Gabe Holmes,,OAK,
2534820,Garrett Celek,Garrett Celek,Garrett Celek,TE,SF,Garrett Celek
2549982,Garrett Gilbert,Garrett Gilbert,Garrett Gilbert,,FA,
497234,Garrett Graham,Garrett Graham,Garrett Graham,,DEN,
2552371,Garrett Grayson,Garrett Grayson,Garrett Grayson,,FA,
1060,Gary Barnidge,Gary Barnidge,Gary Barnidge,TE,CLE,Gary Barnidge
2550485,Gator Hoskins,Gator Hoskins,Gator Hoskins,,FA,
2540211,Gavin Escobar,Gavin Escobar,Gavin Escobar,TE,DAL,Gavin Escobar
2539335,Geno Smith,Geno Smith,Geno Smith,QB,NYJ,
2553454,Geoff Swaim,Geoff Swaim,Geoff Swaim,TE,DAL,Geoff Swaim
2550540,George Atkinson,George Atkinson III,George Atkinson III,,CLE,
2541910,George Winn,George Winn,George Winn,,FA,
2552462,Gerald Christian,Gerald Christian,Gerald Christian,,FA,
2552654,Geremy Davis,Geremy Davis,Geremy Davis,,FA,
2556460,Geronimo Allison,Geronimo Allison,Geronimo Allison,,FA,
100023,Giants,Giants ,Giants,DST,NYG,Giants
2540156,Giovani Bernard,Giovani Bernard,Giovani Bernard,RB,CIN,Giovani Bernard
2551357,Glenn Winston,Glenn Winston,Glenn Winston,,CLE,
497326,Golden Tate,Golden Tate,Golden Tate,WR,DET,Golden Tate
2495867,Greg Jennings,Greg Jennings,Greg Jennings,,FA,
2495192,Greg Little,Greg Little,Greg Little,,FA,
2495700,Greg Olsen,Greg Olsen,Greg Olsen,TE,CAR,Greg Olsen
2495223,Greg Salas,Greg Salas,Greg Salas,WR,BUF,Greg Salas
2535876,Griff Whalen,Griff Whalen,Griff Whalen,,FA,
2553662,Gus Johnson,Gus Johnson,Gus Johnson,,FA,
80672,Hakeem Nicks,Hakeem Nicks,Hakeem Nicks,,FA,
222,Harry Douglas,Harry Douglas,Harry Douglas,WR,TEN,Harry Douglas
2530699,Henry Hynoski,Henry Hynoski,Henry Hynoski,,FA,
2555341,Hunter Henry,Hunter Henry,Hunter Henry,TE,SD,Hunter Henry
2541096,Ifeanyi Momah,Ifeanyi Momah,Ifeanyi Momah,,FA,
2550182,Isaiah Burse,Isaiah Burse,Isaiah Burse,WR,SD,Isaiah Burse
2550189,Isaiah Crowell,Isaiah Crowell,Isaiah Crowell,RB,CLE,Isaiah Crowell
2532926,Isaiah Pead,Isaiah Pead,Isaiah Pead,RB,MIA,Isaiah Pead
2552656,J.J. Nelson,J.J. Nelson,J.J. Nelson,WR,ARI,J.J. Nelson
2543481,Jace Amaro,Jace Amaro,Jace Amaro,TE,TEN,
2556473,Jace Billingsley,Jace Billingsley,Jace Billingsley,,FA,
2540232,Jack Doyle,Jack Doyle,Jack Doyle,TE,IND,Jack Doyle
2507278,Jackie Battle,Jackie Battle,Jackie Battle,,FA,
324,Jacob Tamme,Jacob Tamme,Jacob Tamme,TE,ATL,Jacob Tamme
2555261,Jacoby Brissett,Jacoby Brissett,Jacoby Brissett,QB,NE,Jacoby Brissett
497288,Jacoby Ford,Jacoby Ford,Jacoby Ford,,FA,
2495651,Jacoby Jones,Jacoby Jones,Jacoby Jones,,FA,
2495471,Jacquizz Rodgers,Jacquizz Rodgers,Jacquizz Rodgers,RB,FA,
2552463,Jaelen Strong,Jaelen Strong,Jaelen Strong,WR,HOU,Jaelen Strong
100015,Jaguars,Jaguars ,Jaguars,DST,JAC,Jaguars
2553879,Jahwan Edwards,Jahwan Edwards,Jahwan Edwards,,SD,
2553548,Jake Kumerow,Jake Kumerow,Jake Kumerow,,FA,
2539283,Jake Stoneburner,Jake Stoneburner,Jake Stoneburner,,FA,
2556190,Jakeem Grant,Jakeem Grant,Jakeem Grant,WR,MIA,
2556885,Jalen Richard,Jalen Richard,Jalen Richard,RB,OAK,Jalen Richard
2556606,Jalin Marshall,Jalin Marshall,Jalin Marshall,WR,NYJ,Jalin Marshall
2552464,Jalston Fowler,Jalston Fowler,Jalston Fowler,RB,TEN,
925,Jamaal Charles,Jamaal Charles,Jamaal Charles,RB,KC,
2553600,Jameill Showers,Jameill Showers,Jameill Showers,,DAL,
2552033,Jameis Winston,Jameis Winston,Jameis Winston,QB,TB,Jameis Winston
71247,James Casey,James Casey,James Casey,,FA,
2508101,James Develin,James Develin,James Develin,RB,NE,
2533028,James Hanna,James Hanna,James Hanna,,DAL,
2507183,James Jones,James Jones,James Jones,,FA,
2553318,James OShaughnessy,James OShaughnessy,James OShaughnessy,,KC,
497206,James Starks,James Starks,James Starks,RB,GB,James Starks
2543773,James White,James White,James White,RB,NE,James White
2550271,James Wilder,James Wilder,James Wilder,,CIN,
2550162,James Wright,James Wright,James Wright,WR,CIN,James Wright
2552415,Jamison Crowder,Jamison Crowder,Jamison Crowder,WR,WAS,Jamison Crowder
2536044,Jamize Olawale,Jamize Olawale,Jamize Olawale,RB,OAK,Jamize Olawale
2543774,Jared Abbrederis,Jared Abbrederis,Jared Abbrederis,WR,GB,Jared Abbrederis
71265,Jared Cook,Jared Cook,Jared Cook,TE,GB,Jared Cook
2555334,Jared Goff,Jared Goff,Jared Goff,QB,LA,
2532978,Jarius Wright,Jarius Wright,Jarius Wright,WR,MIN,Jarius Wright
2541966,Jaron Brown,Jaron Brown,Jaron Brown,WR,ARI,Jaron Brown
2532799,Jarrett Boykin,Jarrett Boykin,Jarrett Boykin,,FA,
2553117,Jarryd Hayne,Jarryd Hayne,Jarryd Hayne,,FA,
2543488,Jarvis Landry,Jarvis Landry,Jarvis Landry,WR,MIA,Jarvis Landry
2495802,Jason Avant,Jason Avant,Jason Avant,,KC,
2505629,Jason Witten,Jason Witten,Jason Witten,TE,DAL,Jason Witten
2550459,Javontee Herndon,Javontee Herndon,Javontee Herndon,,SD,
2552631,Javorius Allen,Javorius Allen,Javorius Allen,RB,BAL,Javorius Allen
2553599,Jaxon Shipley,Jaxon Shipley,Jaxon Shipley,,FA,
2552582,Jay Ajayi,Jay Ajayi,Jay Ajayi,RB,MIA,Jay Ajayi
2495824,Jay Cutler,Jay Cutler,Jay Cutler,QB,CHI,Jay Cutler
2543695,Jay Prosch,Jay Prosch,Jay Prosch,RB,HOU,
4231,Jed Collins,Jed Collins,Jed Collins,,FA,
2507883,Jeff Cumberland,Jeff Cumberland,Jeff Cumberland,,SD,
2555262,Jeff Driskel,Jeff Driskel,Jeff Driskel,QB,CIN,
2552399,Jeff Heuerman,Jeff Heuerman,Jeff Heuerman,TE,DEN,Jeff Heuerman
2543750,Jeff Janis,Jeff Janis,Jeff Janis,WR,GB,Jeff Janis
2555311,Jerell Adams,Jerell Adams,Jerell Adams,TE,NYG,
2550183,Jeremy Butler,Jeremy Butler,Jeremy Butler,,FA,
2543603,Jeremy Hill,Jeremy Hill,Jeremy Hill,RB,CIN,Jeremy Hill
2495189,Jeremy Kerley,Jeremy Kerley,Jeremy Kerley,WR,SF,Jeremy Kerley
2552379,Jeremy Langford,Jeremy Langford,Jeremy Langford,RB,CHI,Jeremy Langford
80429,Jeremy Maclin,Jeremy Maclin,Jeremy Maclin,WR,KC,Jeremy Maclin
2530598,Jeremy Ross,Jeremy Ross,Jeremy Ross,,FA,
2543715,Jerick McKinnon,Jerick McKinnon,Jerick McKinnon,RB,MIN,Jerick McKinnon
497238,Jermaine Gresham,Jermaine Gresham,Jermaine Gresham,TE,ARI,Jermaine Gresham
2532887,Jermaine Kearse,Jermaine Kearse,Jermaine Kearse,WR,SEA,Jermaine Kearse
2551359,Jerome Cunningham,Jerome Cunningham,Jerome Cunningham,,FA,
230,Jerome Felton,Jerome Felton,Jerome Felton,RB,FA,
318,Jerome Simpson,Jerome Simpson,Jerome Simpson,,FA,
2495179,Jerrel Jernigan,Jerrel Jernigan,Jerrel Jernigan,,FA,
2506004,Jerricho Cotchery,Jerricho Cotchery,Jerricho Cotchery,,FA,
2495181,Jerrod Johnson,Jerrod Johnson,Jerrod Johnson,,DAL,
2552633,Jesse James,Jesse James,Jesse James,TE,PIT,Jesse James
100024,Jets,Jets ,Jets,DST,NYJ,Jets
497226,Jim Dray,Jim Dray,Jim Dray,TE,BUF,
497108,Jimmy Clausen,Jimmy Clausen,Jimmy Clausen,,FA,
2543801,Jimmy Garoppolo,Jimmy Garoppolo,Jimmy Garoppolo,QB,NE,Jimmy Garoppolo
497236,Jimmy Graham,Jimmy Graham,Jimmy Graham,TE,SEA,Jimmy Graham
2535696,Joe Banyard,Joe Banyard,Joe Banyard,,JAC,
382,Joe Flacco,Joe Flacco,Joe Flacco,QB,BAL,Joe Flacco
1037347,Joe Webb,Joe Webb,Joe Webb,QB,CAR,
2552634,Joey Iosefa,Joey Iosefa,Joey Iosefa,,FA,
2543847,John Brown,John Brown,John Brown,WR,ARI,John Brown
1966,John Carlson,John Carlson,John Carlson,,FA,
2508051,John Conner,John Conner,John Conner,,FA,
2553511,John Crockett,John Crockett,John Crockett,,GB,
2506147,John Kuhn,John Kuhn,John Kuhn,RB,NO,
71435,John Phillips,John Phillips,John Phillips,TE,DEN,
2543462,Johnny Manziel,Johnny Manziel,Johnny Manziel,,FA,
497145,Joique Bell,Joique Bell,Joique Bell,,FA,
2533030,Jonas Gray,Jonas Gray,Jonas Gray,,FA,
497174,Jonathan Dwyer,Jonathan Dwyer,Jonathan Dwyer,,FA,
2534770,Jonathan Grimes,Jonathan Grimes,Jonathan Grimes,RB,HOU,Jonathan Grimes
2550216,Jonathan Krause,Jonathan Krause,Jonathan Krause,,FA,
949,Jonathan Stewart,Jonathan Stewart,Jonathan Stewart,RB,CAR,Jonathan Stewart
2555227,Jonathan Williams,Jonathan Williams,Jonathan Williams,RB,BUF,
2495267,Jordan Cameron,Jordan Cameron,Jordan Cameron,TE,MIA,Jordan Cameron
2555418,Jordan Howard,Jordan Howard,Jordan Howard,RB,CHI,Jordan Howard
2553668,Jordan Leslie,Jordan Leslie,Jordan Leslie,,MIN,
2543500,Jordan Matthews,Jordan Matthews,Jordan Matthews,WR,PHI,Jordan Matthews
71417,Jordan Norwood,Jordan Norwood,Jordan Norwood,WR,DEN,Jordan Norwood
2507237,Jordan Palmer,Jordan Palmer,Jordan Palmer,,FA,
2555370,Jordan Payton,Jordan Payton,Jordan Payton,WR,CLE,
2540160,Jordan Reed,Jordan Reed,Jordan Reed,TE,WAS,Jordan Reed
2553606,Jordan Taylor,Jordan Taylor,Jordan Taylor,WR,DEN,
2495472,Jordan Todman,Jordan Todman,Jordan Todman,RB,IND,
1032,Jordy Nelson,Jordy Nelson,Jordy Nelson,WR,GB,Jordy Nelson
2536532,Jorvorskie Lane,Jorvorskie Lane,Jorvorskie Lane,,FA,
2539327,Joseph Fauria,Joseph Fauria,Joseph Fauria,,FA,
2540171,Joseph Randle,Joseph Randle,Joseph Randle,,FA,
2535964,Josh Bellamy,Josh Bellamy,Josh Bellamy,,CHI,
2540181,Josh Boyce,Josh Boyce,Josh Boyce,,FA,
2506222,Josh Cribbs,Josh Cribbs,Josh Cribbs,,FA,
2555343,Josh Doctson,Josh Doctson,Josh Doctson,WR,WAS,Josh Doctson
2556411,Josh Ferguson,Josh Ferguson,Josh Ferguson,RB,IND,Josh Ferguson
79557,Josh Freeman,Josh Freeman,Josh Freeman,,FA,
2537931,Josh Gordon,Josh Gordon,Josh Gordon,,CLE,
2553653,Josh Harper,Josh Harper,Josh Harper,,OAK,
2551247,Josh Harris,Josh Harris,Josh Harris,,PIT,
2541834,Josh Hill,Josh Hill,Josh Hill,TE,NO,Josh Hill
2543746,Josh Huff,Josh Huff,Josh Huff,WR,PHI,Josh Huff
264,Josh Johnson,Josh Johnson,Josh Johnson,QB,NYG,
2505076,Josh McCown,Josh McCown,Josh McCown,QB,CLE,Josh McCown
2553462,Josh Robinson,Josh Robinson,Josh Robinson,,FA,
238498,Julian Edelman,Julian Edelman,Julian Edelman,WR,NE,Julian Edelman
2495454,Julio Jones,Julio Jones,Julio Jones,WR,ATL,Julio Jones
2495353,Julius Thomas,Julius Thomas,Julius Thomas,TE,JAC,Julius Thomas
2532862,Junior Hemingway,Junior Hemingway,Junior Hemingway,,FA,
2532823,Juron Criner,Juron Criner,Juron Criner,,FA,
2540257,Justice Cunningham,Justice Cunningham,Justice Cunningham,,FA,
2533038,Justin Blackmon,Justin Blackmon,Justin Blackmon,,JAC,
2541314,Justin Brown,Justin Brown,Justin Brown,,FA,
927,Justin Forsett,Justin Forsett,Justin Forsett,RB,BAL,Justin Forsett
2552418,Justin Hardy,Justin Hardy,Justin Hardy,WR,ATL,Justin Hardy
2540151,Justin Hunter,Justin Hunter,Justin Hunter,WR,MIA,Justin Hunter
2550243,Justin Perillo,Justin Perillo,Justin Perillo,TE,GB,
2550263,Juwan Thompson,Juwan Thompson,Juwan Thompson,,FA,
2543551,KaDeem Carey,Ka'Deem Carey,Ka'Deem Carey,RB,CHI,Ka'Deem Carey
2552651,Kaelin Clay,Kaelin Clay,Kaelin Clay,,BAL,
2550330,Kain Colter,Kain Colter,Kain Colter,,FA,
2530660,Kamar Aiken,Kamar Aiken,Kamar Aiken,WR,BAL,Kamar Aiken
2550542,Kapri Bibbs,Kapri Bibbs,Kapri Bibbs,RB,DEN,
2552380,Karlos Williams,Karlos Williams,Karlos Williams,,FA,
2554138,Kasen Williams,Kasen Williams,Kasen Williams,,FA,
2540154,Keenan Allen,Keenan Allen,Keenan Allen,,SD,
2555459,Keith Marshall,Keith Marshall,Keith Marshall,,WAS,
2552420,Keith Mumphery,Keith Mumphery,Keith Mumphery,WR,HOU,
2543784,Keith Wenning,Keith Wenning,Keith Wenning,,FA,
2506895,Kellen Clemens,Kellen Clemens,Kellen Clemens,QB,SD,
2507486,Kellen Davis,Kellen Davis,Kellen Davis,TE,NYJ,Kellen Davis
2532917,Kellen Moore,Kellen Moore,Kellen Moore,,DAL,
2543471,Kelvin Benjamin,Kelvin Benjamin,Kelvin Benjamin,WR,CAR,Kelvin Benjamin
2555462,Kelvin Taylor,Kelvin Taylor,Kelvin Taylor,,FA,
2539214,Kenbrell Thompkins,Kenbrell Thompkins,Kenbrell Thompkins,,FA,
2541778,Kendall Gaskins,Kendall Gaskins,Kendall Gaskins,,FA,
2495172,Kendall Hunter,Kendall Hunter,Kendall Hunter,,NO,
2532977,Kendall Wright,Kendall Wright,Kendall Wright,WR,TEN,Kendall Wright
2539289,Kenjon Barner,Kenjon Barner,Kenjon Barner,RB,PHI,Kenjon Barner
2553292,Kennard Backman,Kennard Backman,Kennard Backman,,GB,
2555229,Kenneth Dixon,Kenneth Dixon,Kenneth Dixon,RB,BAL,
2552421,Kenny Bell,Kenny Bell,Kenny Bell,,FA,
71217,Kenny Britt,Kenny Britt,Kenny Britt,WR,LA,Kenny Britt
2552476,Kenny Hilliard,Kenny Hilliard,Kenny Hilliard,,FA,
2555471,Kenny Lawler,Kenny Lawler,Kenny Lawler,,FA,
2540202,Kenny Stills,Kenny Stills,Kenny Stills,WR,MIA,Kenny Stills
2555230,Kenyan Drake,Kenyan Drake,Kenyan Drake,RB,MIA,Kenyan Drake
2539980,Kerwynn Williams,Kerwynn Williams,Kerwynn Williams,,FA,
2532900,Keshawn Martin,Keshawn Martin,Keshawn Martin,,FA,
2541390,Kevin Dorsey,Kevin Dorsey,Kevin Dorsey,,NE,
2555263,Kevin Hogan,Kevin Hogan,Kevin Hogan,,FA,
2543689,Kevin Norwood,Kevin Norwood,Kevin Norwood,,CAR,
2550733,Kevin Smith,Kevin Smith,Kevin Smith,,SEA,
2553432,Kevin White,Kevin White,Kevin White,WR,CHI,Kevin White
2556851,Keyarris Garrett,Keyarris Garrett,Keyarris Garrett,,FA,
2553552,Khari Lee,Khari Lee,Khari Lee,TE,CHI,
2542022,Khiry Robinson,Khiry Robinson,Khiry Robinson,,FA,
2532820,Kirk Cousins,Kirk Cousins,Kirk Cousins,QB,WAS,Kirk Cousins
2540178,Knile Davis,Knile Davis,Knile Davis,RB,KC,
79619,Knowshon Moreno,Knowshon Moreno,Knowshon Moreno,,FA,
2555350,Kolby Listenbee,Kolby Listenbee,Kolby Listenbee,,BUF,
2499248,Kris Durham,Kris Durham,Kris Durham,,FA,
2540230,Kyle Juszczyk,Kyle Juszczyk,Kyle Juszczyk,RB,BAL,Kyle Juszczyk
2495438,Kyle Rudolph,Kyle Rudolph,Kyle Rudolph,TE,MIN,Kyle Rudolph
2543559,Lache Seastrunk,Lache Seastrunk,Lache Seastrunk,,FA,
2532853,Ladarius Green,Ladarius Green,Ladarius Green,,PIT,
2533034,Lamar Miller,Lamar Miller,Lamar Miller,RB,HOU,Lamar Miller
2533036,LaMichael James,LaMichael James,LaMichael James,,FA,
2535708,Lance Dunbar,Lance Dunbar,Lance Dunbar,RB,DAL,Lance Dunbar
2495187,Lance Kendricks,Lance Kendricks,Lance Kendricks,TE,LA,Lance Kendricks
2506287,Lance Moore,Lance Moore,Lance Moore,,FA,
2539287,Landry Jones,Landry Jones,Landry Jones,QB,PIT,
2555214,Laquon Treadwell,Laquon Treadwell,Laquon Treadwell,WR,MIN,Laquon Treadwell
2532809,LaRon Byrd,LaRon Byrd,LaRon Byrd,,FA,
2537933,Larry Donnell,Larry Donnell,Larry Donnell,TE,NYG,Larry Donnell
2506106,Larry Fitzgerald,Larry Fitzgerald,Larry Fitzgerald,WR,ARI,Larry Fitzgerald
2541161,Latavius Murray,Latavius Murray,Latavius Murray,RB,OAK,Latavius Murray
2532802,LaVon Brazill,LaVon Brazill,LaVon Brazill,,FA,
2495347,Lee Smith,Lee Smith,Lee Smith,TE,OAK,Lee Smith
497149,LeGarrette Blount,LeGarrette Blount,LeGarrette Blount,RB,NE,LeGarrette Blount
2495158,Leonard Hankerson,Leonard Hankerson,Leonard Hankerson,,FA,
2555215,Leonte Carroo,Leonte Carroo,Leonte Carroo,WR,MIA,Leonte Carroo
79607,LeSean McCoy,LeSean McCoy,LeSean McCoy,RB,BUF,LeSean McCoy
2540175,LeVeon Bell,LeVeon Bell,LeVeon Bell,,PIT,
2553575,Levi Norwood,Levi Norwood,Levi Norwood,,CHI,
2540203,Levine Toilolo,Levine Toilolo,Levine Toilolo,TE,ATL,Levine Toilolo
100010,Lions,Lions ,Lions,DST,DET,Lions
2507828,Logan Paulsen,Logan Paulsen,Logan Paulsen,TE,CHI,
2543767,Logan Thomas,Logan Thomas,Logan Thomas,,FA,
2543704,Lorenzo Taliaferro,Lorenzo Taliaferro,Lorenzo Taliaferro,,BAL,
80670,Louis Murphy,Louis Murphy,Louis Murphy,,TB,
2553621,Lucky Whitehead,Lucky Whitehead,Lucky Whitehead,WR,DAL,
2506053,Luke McCown,Luke McCown,Luke McCown,QB,NO,
2495234,Luke Stocker,Luke Stocker,Luke Stocker,TE,TB,
2541199,Luke Willson,Luke Willson,Luke Willson,TE,SEA,Luke Willson
2553867,Mack Brown,Mack Brown,Mack Brown,,FA,
2552382,Malcolm Brown,Malcolm Brown,Malcolm Brown,RB,LA,
2553446,Malcolm Johnson,Malcolm Johnson,Malcolm Johnson,RB,CLE,
2555216,Malcolm Mitchell,Malcolm Mitchell,Malcolm Mitchell,WR,NE,Malcolm Mitchell
1037885,Marc Mariani,Marc Mariani,Marc Mariani,WR,TEN,
2495888,Marcedes Lewis,Marcedes Lewis,Marcedes Lewis,TE,JAC,Marcedes Lewis
2550356,Marcel Jensen,Marcel Jensen,Marcel Jensen,,WAS,
4433,Marcel Reece,Marcel Reece,Marcel Reece,,OAK,
497286,Marcus Easley,Marcus Easley,Marcus Easley,,BUF,
2552466,Marcus Mariota,Marcus Mariota,Marcus Mariota,QB,TEN,Marcus Mariota
2552647,Marcus Murphy,Marcus Murphy,Marcus Murphy,RB,NO,
2552650,Mario Alford,Mario Alford,Mario Alford,,FA,
2543690,Marion Grice,Marion Grice,Marion Grice,,FA,
2495466,Mark Ingram,Mark Ingram,Mark Ingram,RB,NO,Mark Ingram
79858,Mark Sanchez,Mark Sanchez,Mark Sanchez,QB,DAL,
2539291,Markus Wheaton,Markus Wheaton,Markus Wheaton,WR,PIT,Markus Wheaton
2540005,Marlon Brown,Marlon Brown,Marlon Brown,,FA,
2507902,Marlon Moore,Marlon Moore,Marlon Moore,,FA,
2543475,Marqise Lee,Marqise Lee,Marqise Lee,WR,JAC,Marqise Lee
2540259,MarQueis Gray,MarQueis Gray,MarQueis Gray,TE,MIA,
2495821,Marques Colston,Marques Colston,Marques Colston,,FA,
2540177,Marquess Wilson,Marquess Wilson,Marquess Wilson,,CHI,
2556636,Marquez North,Marquez North,Marquez North,,LA,
2539964,Marquise Goodwin,Marquise Goodwin,Marquise Goodwin,WR,BUF,Marquise Goodwin
2556507,Marshaun Coprich,Marshaun Coprich,Marshaun Coprich,,FA,
2495663,Marshawn Lynch,Marshawn Lynch,Marshawn Lynch,,FA,
2543572,Martavis Bryant,Martavis Bryant,Martavis Bryant,,PIT,
1062,Martellus Bennett,Martellus Bennett,Martellus Bennett,TE,NE,Martellus Bennett
2532884,Marvin Jones,Marvin Jones Jr.,Marvin Jones Jr.,,DET,Marvin Jones
2495258,Matt Asiata,Matt Asiata,Matt Asiata,RB,MIN,Matt Asiata
2539308,Matt Barkley,Matt Barkley,Matt Barkley,,FA,
2536006,Matt Blanchard,Matt Blanchard,Matt Blanchard,,FA,
2506562,Matt Cassel,Matt Cassel,Matt Cassel,QB,TEN,
367,Matt Flynn,Matt Flynn,Matt Flynn,,NO,
234,Matt Forte,Matt Forte,Matt Forte,RB,NYJ,Matt Forte
2543792,Matt Hazel,Matt Hazel,Matt Hazel,,FA,
2552635,Matt Jones,Matt Jones,Matt Jones,RB,WAS,Matt Jones
2553667,Matt LaCosse,Matt LaCosse,Matt LaCosse,,NYG,
2542065,Matt McGloin,Matt McGloin,Matt McGloin,QB,OAK,
2507282,Matt Moore,Matt Moore,Matt Moore,QB,MIA,
310,Matt Ryan,Matt Ryan,Matt Ryan,QB,ATL,Matt Ryan
2505982,Matt Schaub,Matt Schaub,Matt Schaub,QB,ATL,
2534889,Matt Simms,Matt Simms,Matt Simms,,FA,
2507182,Matt Spaeth,Matt Spaeth,Matt Spaeth,,FA,
2507405,Matthew Mulligan,Matthew Mulligan,Matthew Mulligan,,FA,
4487,Matthew Slater,Matthew Slater,Matthew Slater,WR,NE,
79860,Matthew Stafford,Matthew Stafford,Matthew Stafford,QB,DET,Matthew Stafford
2540274,Matthew Tucker,Matthew Tucker,Matthew Tucker,,PHI,
2552468,Maxx Williams,Maxx Williams,Maxx Williams,TE,BAL,Maxx Williams
2552469,Melvin Gordon,Melvin Gordon,Melvin Gordon,RB,SD,Melvin Gordon
2552636,Michael Burton,Michael Burton,Michael Burton,RB,DET,
2550163,Michael Campanaro,Michael Campanaro,Michael Campanaro,,BAL,
2541432,Michael Cox,Michael Cox,Michael Cox,,FA,
71269,Michael Crabtree,Michael Crabtree,Michael Crabtree,WR,OAK,Michael Crabtree
2553797,Michael Dyer,Michael Dyer,Michael Dyer,,FA,
2532841,Michael Floyd,Michael Floyd,Michael Floyd,WR,ARI,Michael Floyd
497246,Michael Hoomanawanui,Michael Hoomanawanui,Michael Hoomanawanui,,NO,
1037366,Michael Palmer,Michael Palmer,Michael Palmer,,FA,
2556370,Michael Thomas,Michael Thomas,Michael Thomas,WR,NO,Michael Thomas
2504531,Michael Vick,Michael Vick,Michael Vick,,FA,
2539197,Michael Williams,Michael Williams,Michael Williams,,FA,
2535882,Mike Brown,Mike Brown,Mike Brown,,FA,
2553439,Mike Davis,Mike Davis,Mike Davis,RB,SF,
2543468,Mike Evans,Mike Evans,Mike Evans,WR,TB,Mike Evans
2539663,Mike Gillislee,Mike Gillislee,Mike Gillislee,RB,BUF,Mike Gillislee
2539275,Mike Glennon,Mike Glennon,Mike Glennon,QB,TB,
2540224,Mike James,Mike James,Mike James,,FA,
2556381,Mike Thomas,Mike Thomas,Mike Thomas,WR,LA,
2507428,Mike Tolbert,Mike Tolbert,Mike Tolbert,RB,CAR,Mike Tolbert
2507763,Mike Wallace,Mike Wallace,Mike Wallace,WR,BAL,Mike Wallace
2508048,Mike Williams,Mike Williams,Mike Williams,,FA,
2495801,Miles Austin,Miles Austin,Miles Austin,,FA,
2553773,Mitchell Henry,Mitchell Henry,Mitchell Henry,,FA,
2533040,Mohamed Sanu,Mohamed Sanu,Mohamed Sanu,WR,ATL,Mohamed Sanu
2539341,Montee Ball,Montee Ball,Montee Ball,,FA,
2556261,Moritz Boehringer,Moritz Boehringer,Moritz Boehringer,,FA,
2539995,Mychal Rivera,Mychal Rivera,Mychal Rivera,TE,OAK,Mychal Rivera
2552401,MyCole Pruitt,MyCole Pruitt,MyCole Pruitt,TE,MIN,
2541905,Myles White,Myles White,Myles White,,FA,
2506313,Nate Washington,Nate Washington,Nate Washington,,FA,
2535681,Nathan Palmer,Nathan Palmer,Nathan Palmer,,CHI,
2553451,Neal Sterling,Neal Sterling,Neal Sterling,TE,JAC,
2552600,Nelson Agholor,Nelson Agholor,Nelson Agholor,WR,PHI,Nelson Agholor
2556686,Nelson Spruce,Nelson Spruce,Nelson Spruce,WR,LA,
2550355,Nic Jacobs,Nic Jacobs,Nic Jacobs,,FA,
2552402,Nick Boyle,Nick Boyle,Nick Boyle,,BAL,
2532842,Nick Foles,Nick Foles,Nick Foles,QB,KC,
2540233,Nick Kasa,Nick Kasa,Nick Kasa,,FA,
2552403,Nick OLeary,Nick OLeary,Nick OLeary,,BUF,
2532960,Nick Toon,Nick Toon,Nick Toon,,FA,
2555289,Nick Vannett,Nick Vannett,Nick Vannett,TE,SEA,
2540279,Nick Williams,Nick Williams,Nick Williams,,FA,
2550270,Nikita Whitlock,Nikita Whitlock,Nikita Whitlock,,NYG,
2495211,Niles Paul,Niles Paul,Niles Paul,TE,WAS,
2543496,Odell Beckham,Odell Beckham Jr.,Odell Beckham Jr.,WR,NYG,Odell Beckham Jr.
2550481,Orleans Darkwa,Orleans Darkwa,Orleans Darkwa,RB,NYG,
2533047,Orson Charles,Orson Charles,Orson Charles,TE,DET,
2495825,Owen Daniels,Owen Daniels,Owen Daniels,,FA,
100011,Packers,Packers ,Packers,DST,GB,Packers
100004,Panthers,Panthers ,Panthers,DST,CAR,Panthers
2530763,Patrick DiMarco,Patrick DiMarco,Patrick DiMarco,RB,ATL,Patrick DiMarco
100021,Patriots,Patriots ,Patriots,,NE,Patriots
2555460,Paul Perkins,Paul Perkins,Paul Perkins,RB,NYG,
2543491,Paul Richardson,Paul Richardson,Paul Richardson,WR,SEA,Paul Richardson
2556785,Paul Turner,Paul Turner,Paul Turner,,PHI,
2555316,Paxton Lynch,Paxton Lynch,Paxton Lynch,QB,DEN,
80425,Percy Harvin,Percy Harvin,Percy Harvin,,FA,
2556466,Peyton Barber,Peyton Barber,Peyton Barber,RB,FA,
2555419,Pharoh Cooper,Pharoh Cooper,Pharoh Cooper,WR,LA,Pharoh Cooper
2506121,Philip Rivers,Philip Rivers,Philip Rivers,QB,SD,Philip Rivers
2552424,Phillip Dorsett,Phillip Dorsett,Phillip Dorsett,WR,IND,Phillip Dorsett
2535535,Phillip Supernaw,Phillip Supernaw,Phillip Supernaw,TE,TEN,
2550546,Philly Brown,Corey Brown,Corey Brown,,CAR,Corey Philly Brown
2346,Pierre Garcon,Pierre Garcon,Pierre Garcon,WR,WAS,Pierre Garcon
2507141,Pierre Thomas,Pierre Thomas,Pierre Thomas,,FA,
2553467,Quan Bray,Quan Bray,Quan Bray,WR,IND,
2543828,Quincy Enunwa,Quincy Enunwa,Quincy Enunwa,WR,NYJ,Quincy Enunwa
2539250,Quinton Patton,Quinton Patton,Quinton Patton,WR,SF,Quinton Patton
2553802,R.J. Harris,R.J. Harris,R.J. Harris,,NO,
2553728,Raheem Mostert,Raheem Mostert,Raheem Mostert,,FA,
100018,Raiders,Raiders ,Raiders,DST,OAK,Raiders
2550233,Rajion Neal,Rajion Neal,Rajion Neal,,CLE,
100017,Rams,Rams ,Rams,DST,LA,Rams
2495448,Randall Cobb,Randall Cobb,Randall Cobb,WR,GB,Randall Cobb
2552660,Randall Telfer,Randall Telfer,Randall Telfer,TE,CLE,
2553716,Rannell Hall,Rannell Hall,Rannell Hall,,CLE,
2552425,Rashad Greene,Rashad Greene,Rashad Greene,WR,JAC,Rashad Greene
71345,Rashad Jennings,Rashad Jennings,Rashad Jennings,RB,NYG,Rashad Jennings
2541940,Rashad Ross,Rashad Ross,Rashad Ross,WR,WAS,
2555468,Rashard Higgins,Rashard Higgins,Rashard Higgins,WR,CLE,
2550608,RaShaun Allen,RaShaun Allen,RaShaun Allen,,SEA,
2553692,Rasheed Bailey,Rasheed Bailey,Rasheed Bailey,,SD,
100002,Ravens,Ravens ,Ravens,DST,BAL,Ravens
941,Ray Rice,Ray Rice,Ray Rice,,FA,
100032,Redskins,Redskins ,Redskins,DST,WAS,Redskins
2506874,Reggie Bush,Reggie Bush,Reggie Bush,RB,BUF,Reggie Bush
2539265,Rex Burkhead,Rex Burkhead,Rex Burkhead,RB,CIN,
2532835,Rhett Ellison,Rhett Ellison,Rhett Ellison,TE,MIN,
2495306,Ricardo Lockette,Ricardo Lockette,Ricardo Lockette,,FA,
2555473,Ricardo Louis,Ricardo Louis,Ricardo Louis,WR,CLE,
2499255,Richard Gordon,Richard Gordon,Richard Gordon,,BAL,
2550313,Richard Rodgers,Richard Rodgers,Richard Rodgers,TE,GB,Richard Rodgers
2556375,Rico Gathers,Rico Gathers,Rico Gathers,,FA,
497282,Riley Cooper,Riley Cooper,Riley Cooper,,FA,
2532903,Rishard Matthews,Rishard Matthews,Rishard Matthews,WR,TEN,Rishard Matthews
497240,Rob Gronkowski,Rob Gronkowski,Rob Gronkowski,TE,NE,
2508112,Rob Housler,Rob Housler,Rob Housler,,FA,
2556414,Rob Kelley,Rob Kelley,Rob Kelley,RB,WAS,
2556462,Robby Anderson,Robby Anderson,Robby Anderson,WR,NYJ,
2533033,Robert Griffin,Robert Griffin III,Robert Griffin III,,CLE,
2543777,Robert Herron,Robert Herron,Robert Herron,,FA,
2530516,Robert Hughes,Robert Hughes,Robert Hughes,,FA,
2533460,Robert Turbin,Robert Turbin,Robert Turbin,RB,IND,Robert Turbin
2540169,Robert Woods,Robert Woods,Robert Woods,WR,BUF,Robert Woods
2553743,Rod Smith,Rod Smith,Rod Smith,RB,DAL,
2535869,Rod Streater,Rod Streater,Rod Streater,WR,SF,
2506366,Roddy White,Roddy White,Roddy White,,FA,
2539674,Rodney Smith,Rodney Smith,Rodney Smith,,FA,
2556592,Roger Lewis,Roger Lewis,Roger Lewis,WR,NYG,
2506341,Ronnie Brown,Ronnie Brown,Ronnie Brown,,FA,
2533437,Ronnie Hillman,Ronnie Hillman,Ronnie Hillman,,FA,
2550235,Roosevelt Nix,Roosevelt Nix,Roosevelt Nix,RB,PIT,
2553465,Rory Anderson,Rory Anderson,Rory Anderson,,SF,
2495161,Roy Helu,Roy Helu,Roy Helu,,FA,
2533533,Rueben Randle,Rueben Randle,Rueben Randle,,FA,
2541944,Russell Shepard,Russell Shepard,Russell Shepard,WR,TB,Russell Shepard
2532975,Russell Wilson,Russell Wilson,Russell Wilson,QB,SEA,Russell Wilson
2532807,Ryan Broyles,Ryan Broyles,Ryan Broyles,,FA,
2506581,Ryan Fitzpatrick,Ryan Fitzpatrick,Ryan Fitzpatrick,QB,NYJ,Ryan Fitzpatrick
2543759,Ryan Grant,Ryan Grant,Ryan Grant,WR,WAS,Ryan Grant
2541185,Ryan Griffin,Ryan Griffin,Ryan Griffin,QB,TB,Ryan Griffin
2541316,Ryan Griffin,Ryan Griffin,Ryan Griffin,QB,TB,Ryan Griffin
2550206,Ryan Hewitt,Ryan Hewitt,Ryan Hewitt,TE,CIN,
2532894,Ryan Lindley,Ryan Lindley,Ryan Lindley,,FA,
2495443,Ryan Mallett,Ryan Mallett,Ryan Mallett,QB,BAL,
497188,Ryan Mathews,Ryan Mathews,Ryan Mathews,RB,PHI,Ryan Mathews
2539961,Ryan Nassib,Ryan Nassib,Ryan Nassib,QB,NYG,
2532956,Ryan Tannehill,Ryan Tannehill,Ryan Tannehill,QB,MIA,Ryan Tannehill
2535716,Saalim Hakim,Saalim Hakim,Saalim Hakim,,FA,
100022,Saints,Saints ,Saints,DST,NO,Saints
497095,Sam Bradford,Sam Bradford,Sam Bradford,QB,MIN,Sam Bradford
2552470,Sammie Coates,Sammie Coates,Sammie Coates,WR,PIT,Sammie Coates
2543457,Sammy Watkins,Sammy Watkins,Sammy Watkins,WR,BUF,Sammy Watkins
2506885,Santonio Holmes,Santonio Holmes,Santonio Holmes,,FA,
2495573,Scott Chandler,Scott Chandler,Scott Chandler,,FA,
2495425,Scott Tolzien,Scott Tolzien,Scott Tolzien,QB,IND,
100030,Seahawks,Seahawks ,Seahawks,DST,SEA,Seahawks
2552576,Sean Mannion,Sean Mannion,Sean Mannion,QB,LA,
2535943,Sean McGrath,Sean McGrath,Sean McGrath,TE,SD,
2540263,Sean Renfree,Sean Renfree,Sean Renfree,,FA,
2550359,Seantavius Jones,Seantavius Jones,Seantavius Jones,,FA,
2550633,Senorise Perry,Senorise Perry,Senorise Perry,,FA,
2550597,Seth Roberts,Seth Roberts,Seth Roberts,WR,OAK,Seth Roberts
497260,Seyi Ajirotutu,Seyi Ajirotutu,Seyi Ajirotutu,,PHI,
2553904,Shakim Phillips,Shakim Phillips,Shakim Phillips,,PIT,
2495473,Shane Vereen,Shane Vereen,Shane Vereen,RB,NYG,Shane Vereen
2543761,Shaq Evans,Shaq Evans,Shaq Evans,,JAC,
2495461,Shaun Draughn,Shaun Draughn,Shaun Draughn,RB,SF,Shaun Draughn
2504833,Shaun Hill,Shaun Hill,Shaun Hill,QB,MIN,
79563,Shonn Greene,Shonn Greene,Shonn Greene,,FA,
2550529,Silas Redd,Silas Redd,Silas Redd,,WAS,
2540204,Spencer Ware,Spencer Ware,Spencer Ware,RB,KC,Spencer Ware
2540157,Stedman Bailey,Stedman Bailey,Stedman Bailey,,LA,
100027,Steelers,Steelers ,Steelers,DST,PIT,Steelers
2552608,Stefon Diggs,Stefon Diggs,Stefon Diggs,WR,MIN,Stefon Diggs
2539315,Stepfan Taylor,Stepfan Taylor,Stepfan Taylor,RB,ARI,
2556463,Stephen Anderson,Stephen Anderson,Stephen Anderson,TE,HOU,Stephen Anderson
2533537,Stephen Hill,Stephen Hill,Stephen Hill,,FA,
2550376,Stephen Morris,Stephen Morris,Stephen Morris,,FA,
2555295,Sterling Shepard,Sterling Shepard,Sterling Shepard,WR,NYG,Sterling Shepard
2495470,Stevan Ridley,Stevan Ridley,Stevan Ridley,,FA,
768,Steve Johnson,Steve Johnson,Steve Johnson,,SD,
2504595,Steve Smith,Steve Smith Sr.,Steve Smith Sr.,WR,BAL,Steve Smith Sr.
2505936,Steven Jackson,Steven Jackson,Steven Jackson,,NE,
2543570,Storm Johnson,Storm Johnson,Storm Johnson,,FA,
2532850,T.J. Graham,T.J. Graham,T.J. Graham,,FA,
2543836,T.J. Jones,T.J. Jones,T.J. Jones,,FA,
2508123,T.J. Yates,T.J. Yates,T.J. Yates,,HOU,
2552471,T.J. Yeldon,T.J. Yeldon,T.J. Yeldon,RB,JAC,T.J. Yeldon
2532865,T.Y. Hilton,T.Y. Hilton,T.Y. Hilton,WR,IND,T.Y. Hilton
2495467,Taiwan Jones,Taiwan Jones,Taiwan Jones,RB,OAK,Taiwan Jones
2555317,Tajae Sharpe,Tajae Sharpe,Tajae Sharpe,WR,TEN,Tajae Sharpe
2495449,Tandon Doss,Tandon Doss,Tandon Doss,,FA,
2495863,Tarvaris Jackson,Tarvaris Jackson,Tarvaris Jackson,,SEA,
2539235,Tavarres King,Tavarres King,Tavarres King,WR,NYG,
2539336,Tavon Austin,Tavon Austin,Tavon Austin,WR,LA,Tavon Austin
2550617,Taylor Gabriel,Taylor Gabriel,Taylor Gabriel,WR,ATL,Taylor Gabriel
2507166,Ted Ginn,Ted Ginn Jr.,Ted Ginn Jr.,WR,CAR,Ted Ginn Jr.
2543465,Teddy Bridgewater,Teddy Bridgewater,Teddy Bridgewater,,MIN,
2555486,Temarrick Hemingway,Temarrick Hemingway,Temarrick Hemingway,TE,LA,
2543664,Terrance West,Terrance West,Terrance West,RB,BAL,Terrance West
2539205,Terrance Williams,Terrance Williams,Terrance Williams,WR,DAL,Terrance Williams
2531332,Terrelle Pryor,Terrelle Pryor,Terrelle Pryor Sr.,WR,CLE,Terrelle Pryor
2552383,Terrence Magee,Terrence Magee,Terrence Magee,,BAL,
2553762,Terron Ward,Terron Ward,Terron Ward,RB,ATL,
2552453,Tevin Coleman,Tevin Coleman,Tevin Coleman,RB,ATL,Tevin Coleman
100013,Texans,Texans ,Texans,DST,HOU,Texans
497121,Thad Lewis,Thad Lewis,Thad Lewis,,SF,
2540020,Theo Riddick,Theo Riddick,Theo Riddick,RB,DET,Theo Riddick
2555483,Thomas Duarte,Thomas Duarte,Thomas Duarte,,FA,
2553733,Thomas Rawls,Thomas Rawls,Thomas Rawls,RB,SEA,Thomas Rawls
4383,Tim Hightower,Tim Hightower,Tim Hightower,RB,NO,Tim Hightower
2541768,Tim Wright,Tim Wright,Tim Wright,,DET,
100012,Titans,Titans ,Titans,DST,TEN,Titans
2553874,Titus Davis,Titus Davis,Titus Davis,,NYJ,
497176,Toby Gerhart,Toby Gerhart,Toby Gerhart,,FA,
2552475,Todd Gurley,Todd Gurley,Todd Gurley,RB,LA,Todd Gurley
2504211,Tom Brady,Tom Brady,Tom Brady,,NE,
2543640,Tom Savage,Tom Savage,Tom Savage,QB,HOU,
2540225,Tommy Bohanon,Tommy Bohanon,Tommy Bohanon,,FA,
497256,Tony Moeaki,Tony Moeaki,Tony Moeaki,,FA,
2505354,Tony Romo,Tony Romo,Tony Romo,QB,DAL,
2550415,Tony Washington,Tony Washington,Tony Washington,,FA,
2495459,Torrey Smith,Torrey Smith,Torrey Smith,WR,SF,Torrey Smith
2535890,Travaris Cadet,Travaris Cadet,Travaris Cadet,RB,FA,Travaris Cadet
2532790,Travis Benjamin,Travis Benjamin,Travis Benjamin,WR,SD,Travis Benjamin
2540258,Travis Kelce,Travis Kelce,Travis Kelce,TE,KC,Travis Kelce
2556603,Tre Madden,Tre Madden,Tre Madden,,SEA,
2543502,Tre Mason,Tre Mason,Tre Mason,,LA,
2552428,Tre McBride,Tre McBride,Tre McBride,,FA,
2533032,Trent Richardson,Trent Richardson,Trent Richardson,,FA,
2556477,Trevone Boykin,Trevone Boykin,Trevone Boykin,QB,SEA,
2555413,Trevor Davis,Trevor Davis,Trevor Davis,WR,GB,
2553457,Trevor Siemian,Trevor Siemian,Trevor Siemian,QB,DEN,Trevor Siemian
2550284,Trey Burton,Trey Burton,Trey Burton,TE,PHI,Trey Burton
2553486,Trey Williams,Trey Williams,Trey Williams,,FA,
497218,Trindon Holliday,Trindon Holliday,Trindon Holliday,,FA,
2543628,Troy Niklas,Troy Niklas,Troy Niklas,TE,ARI,
2552429,Ty Montgomery,Ty Montgomery,Ty Montgomery,WR,GB,Ty Montgomery
2555466,Tyler Boyd,Tyler Boyd,Tyler Boyd,WR,CIN,Tyler Boyd
2540173,Tyler Bray,Tyler Bray,Tyler Bray,QB,KC,
2508096,Tyler Clutts,Tyler Clutts,Tyler Clutts,,FA,
2540148,Tyler Eifert,Tyler Eifert,Tyler Eifert,TE,CIN,
2555234,Tyler Ervin,Tyler Ervin,Tyler Ervin,RB,HOU,Tyler Ervin
2543655,Tyler Gaffney,Tyler Gaffney,Tyler Gaffney,,FA,
2555364,Tyler Higbee,Tyler Higbee,Tyler Higbee,TE,LA,Tyler Higbee
2552586,Tyler Kroft,Tyler Kroft,Tyler Kroft,TE,CIN,Tyler Kroft
2552430,Tyler Lockett,Tyler Lockett,Tyler Lockett,WR,SEA,Tyler Lockett
2553729,Tyler Murphy,Tyler Murphy,Tyler Murphy,,MIA,
2552578,Tyler Varga,Tyler Varga,Tyler Varga,,IND,
2556214,Tyreek Hill,Tyreek Hill,Tyreek Hill,WR,KC,
2553913,Tyrell Williams,Tyrell Williams,Tyrell Williams,WR,SD,Tyrell Williams
2495240,Tyrod Taylor,Tyrod Taylor,Tyrod Taylor,QB,BUF,Tyrod Taylor
2540215,Vance McDonald,Vance McDonald,Vance McDonald,TE,SF,Vance McDonald
2495826,Vernon Davis,Vernon Davis,Vernon Davis,TE,WAS,Vernon Davis
2533012,Vick Ballard,Vick Ballard,Vick Ballard,,FA,
2507855,Victor Cruz,Victor Cruz,Victor Cruz,WR,NYG,Victor Cruz
100020,Vikings,Vikings ,Vikings,DST,MIN,Vikings
2552431,Vince Mayle,Vince Mayle,Vince Mayle,,FA,
2508115,Vincent Brown,Vincent Brown,Vincent Brown,,FA,
2506400,Vincent Jackson,Vincent Jackson,Vincent Jackson,WR,TB,Vincent Jackson
2495288,Virgil Green,Virgil Green,Virgil Green,TE,DEN,Virgil Green
2543619,Walt Powell,Walt Powell,Walt Powell,WR,BUF,
2555461,Wendell Smallwood,Wendell Smallwood,Wendell Smallwood,RB,PHI,Wendell Smallwood
2553682,Wes Saxton,Wes Saxton,Wes Saxton,,FA,
2505790,Wes Welker,Wes Welker,Wes Welker,,LA,
2555346,Will Fuller,Will Fuller,Will Fuller,WR,HOU,Will Fuller
163982,Will Johnson,Will Johnson,Will Johnson,,NYG,
2527672,Will Tukuafu,Will Tukuafu,Will Tukuafu,RB,FA,
2553830,Will Tye,Will Tye,Will Tye,TE,NYG,Will Tye
2550256,Willie Snead,Willie Snead,Willie Snead,WR,NO,Willie Snead
2550521,Xavier Grimble,Xavier Grimble,Xavier Grimble,TE,PIT,Xavier Grimble
2556379,Zac Brooks,Zac Brooks,Zac Brooks,,FA,
2539258,Zac Dysert,Zac Dysert,Zac Dysert,,FA,
2540273,Zac Stacy,Zac Stacy,Zac Stacy,,FA,
2540158,Zach Ertz,Zach Ertz,Zach Ertz,TE,PHI,Zach Ertz
2539303,Zach Line,Zach Line,Zach Line,RB,MIN,
2543605,Zach Mettenberger,Zach Mettenberger,Zach Mettenberger,QB,PIT,
238457,Zach Miller,Zach Miller,Zach Miller,TE,CHI,Zach Miller
2507170,Zach Miller,Zach Miller,Zach Miller,TE,CHI,Zach Miller
2541151,Zach Sudfeld,Zach Sudfeld,Zach Sudfeld,,FA,
2553631,Zach Zenner,Zach Zenner,Zach Zenner,RB,DET,
